{"cameraMode":{"drawMode":0,"name":"Shaded","section":"Shading Mode"},"sceneLighting":false,"audioPlay":false,"sceneViewState":{"showFog":true,"showMaterialUpdate":false,"showSkybox":true,"showFlares":true,"showImageEffects":true,"showParticleSystems":true},"in2DMode":false,"pivot":{"x":53.189979553222659,"y":92.04266357421875,"z":78.10618591308594},"rotation":{"x":0.018065590411424638,"y":0.9695335626602173,"z":-0.2306148111820221,"w":0.08232598751783371},"size":102.02230072021485,"orthographic":false}