{"cameraMode":{"drawMode":0,"name":"Shaded","section":"Shading Mode"},"sceneLighting":false,"audioPlay":false,"sceneViewState":{"showFog":true,"showMaterialUpdate":false,"showSkybox":false,"showFlares":true,"showImageEffects":true,"showParticleSystems":true},"in2DMode":false,"pivot":{"x":13.182605743408204,"y":0.4697685241699219,"z":12.111791610717774},"rotation":{"x":0.25122547149658205,"y":-0.73625648021698,"z":0.35838088393211367,"w":0.5161177515983582},"size":3327.89794921875,"orthographic":false}