{"cameraMode":{"drawMode":0,"name":"Shaded","section":"Shading Mode"},"sceneLighting":false,"audioPlay":false,"sceneViewState":{"showFog":true,"showMaterialUpdate":false,"showSkybox":false,"showFlares":true,"showImageEffects":true,"showParticleSystems":true},"in2DMode":false,"pivot":{"x":-28.474796295166017,"y":5.3466691970825199,"z":-32.505123138427737},"rotation":{"x":0.03277016803622246,"y":0.9534510374069214,"z":-0.27580106258392336,"w":0.11863069236278534},"size":0.5196144580841065,"orthographic":false}