{"cameraMode":{"drawMode":0,"name":"Shaded","section":"Shading Mode"},"sceneLighting":false,"audioPlay":false,"sceneViewState":{"showFog":true,"showMaterialUpdate":false,"showSkybox":false,"showFlares":true,"showImageEffects":true,"showParticleSystems":true},"in2DMode":false,"pivot":{"x":-71.28141784667969,"y":28.830825805664064,"z":6.485063076019287},"rotation":{"x":0.23661118745803834,"y":0.6779864430427551,"z":-0.24716609716415406,"w":0.6506739854812622},"size":-0.5997380018234253,"orthographic":false}